instrument,technique,dynamic,note,quantity,value,collection,ewsd_primary_analysis_eligible,source_workbook
vln,natural_harmonic,mf,G4,EWSD_score_acoustic_balanced,39.24863347357505,mcgill,True,E:\PYTHON CODES\CÓDIGOS FINAIS - GIT HUB\Strings_Techniques_Extrapolation\data\harmonic_calibration\ssa_outputs\mcgill_natural_harmonic_mf\compiled_density_metrics_research.xlsx
vln,natural_harmonic,mf,D5,EWSD_score_acoustic_balanced,29.97937393083694,mcgill,True,E:\PYTHON CODES\CÓDIGOS FINAIS - GIT HUB\Strings_Techniques_Extrapolation\data\harmonic_calibration\ssa_outputs\mcgill_natural_harmonic_mf\compiled_density_metrics_research.xlsx
vln,natural_harmonic,mf,A5,EWSD_score_acoustic_balanced,35.97925007094166,mcgill,True,E:\PYTHON CODES\CÓDIGOS FINAIS - GIT HUB\Strings_Techniques_Extrapolation\data\harmonic_calibration\ssa_outputs\mcgill_natural_harmonic_mf\compiled_density_metrics_research.xlsx
vln,natural_harmonic,mf,B5,EWSD_score_acoustic_balanced,26.2851161935893,mcgill,True,E:\PYTHON CODES\CÓDIGOS FINAIS - GIT HUB\Strings_Techniques_Extrapolation\data\harmonic_calibration\ssa_outputs\mcgill_natural_harmonic_mf\compiled_density_metrics_research.xlsx
vln,natural_harmonic,mf,E6,EWSD_score_acoustic_balanced,46.24067625156987,mcgill,True,E:\PYTHON CODES\CÓDIGOS FINAIS - GIT HUB\Strings_Techniques_Extrapolation\data\harmonic_calibration\ssa_outputs\mcgill_natural_harmonic_mf\compiled_density_metrics_research.xlsx
vln,natural_harmonic,mf,F#6,EWSD_score_acoustic_balanced,13.57186395815408,mcgill,True,E:\PYTHON CODES\CÓDIGOS FINAIS - GIT HUB\Strings_Techniques_Extrapolation\data\harmonic_calibration\ssa_outputs\mcgill_natural_harmonic_mf\compiled_density_metrics_research.xlsx
vln,natural_harmonic,mf,B6,EWSD_score_acoustic_balanced,10.85625903904414,mcgill,True,E:\PYTHON CODES\CÓDIGOS FINAIS - GIT HUB\Strings_Techniques_Extrapolation\data\harmonic_calibration\ssa_outputs\mcgill_natural_harmonic_mf\compiled_density_metrics_research.xlsx
vln,natural_harmonic,mf,C#7,EWSD_score_acoustic_balanced,6.958171789016954,mcgill,True,E:\PYTHON CODES\CÓDIGOS FINAIS - GIT HUB\Strings_Techniques_Extrapolation\data\harmonic_calibration\ssa_outputs\mcgill_natural_harmonic_mf\compiled_density_metrics_research.xlsx
vln,natural_harmonic,mf,G#7,EWSD_score_acoustic_balanced,8.209587633081105,mcgill,True,E:\PYTHON CODES\CÓDIGOS FINAIS - GIT HUB\Strings_Techniques_Extrapolation\data\harmonic_calibration\ssa_outputs\mcgill_natural_harmonic_mf\compiled_density_metrics_research.xlsx
