sample_id,instr,playing_mode,sounding_note,dyn,acoustic_density,filename
cello_C2_pp,cello,ordinary,C2,pp,85.211722,cello_ordinary_cdm.json
cello_C2_mf,cello,ordinary,C2,mf,94.121938,cello_ordinary_cdm.json
cello_C2_ff,cello,ordinary,C2,ff,94.363449,cello_ordinary_cdm.json
cello_C#2_pp,cello,ordinary,C#2,pp,55.096953,cello_ordinary_cdm.json
cello_C#2_mf,cello,ordinary,C#2,mf,50.842621,cello_ordinary_cdm.json
cello_C#2_ff,cello,ordinary,C#2,ff,47.408278,cello_ordinary_cdm.json
cello_D2_pp,cello,ordinary,D2,pp,55.891434,cello_ordinary_cdm.json
cello_D2_mf,cello,ordinary,D2,mf,76.641317,cello_ordinary_cdm.json
cello_D2_ff,cello,ordinary,D2,ff,58.979722,cello_ordinary_cdm.json
cello_D#2_pp,cello,ordinary,D#2,pp,59.007753,cello_ordinary_cdm.json
cello_D#2_mf,cello,ordinary,D#2,mf,60.545674,cello_ordinary_cdm.json
cello_D#2_ff,cello,ordinary,D#2,ff,67.478555,cello_ordinary_cdm.json
cello_E2_pp,cello,ordinary,E2,pp,52.652053,cello_ordinary_cdm.json
cello_E2_mf,cello,ordinary,E2,mf,59.756817,cello_ordinary_cdm.json
cello_E2_ff,cello,ordinary,E2,ff,67.298153,cello_ordinary_cdm.json
cello_F2_pp,cello,ordinary,F2,pp,51.923068,cello_ordinary_cdm.json
cello_F2_mf,cello,ordinary,F2,mf,60.157379,cello_ordinary_cdm.json
cello_F2_ff,cello,ordinary,F2,ff,65.750277,cello_ordinary_cdm.json
cello_F#2_pp,cello,ordinary,F#2,pp,36.934954,cello_ordinary_cdm.json
cello_F#2_mf,cello,ordinary,F#2,mf,40.087178,cello_ordinary_cdm.json
cello_F#2_ff,cello,ordinary,F#2,ff,58.803479,cello_ordinary_cdm.json
cello_G2_pp,cello,ordinary,G2,pp,27.60166,cello_ordinary_cdm.json
cello_G2_mf,cello,ordinary,G2,mf,33.290125,cello_ordinary_cdm.json
cello_G2_ff,cello,ordinary,G2,ff,67.28835,cello_ordinary_cdm.json
cello_G#2_pp,cello,ordinary,G#2,pp,42.424188,cello_ordinary_cdm.json
cello_G#2_mf,cello,ordinary,G#2,mf,50.351052,cello_ordinary_cdm.json
cello_G#2_ff,cello,ordinary,G#2,ff,41.781194,cello_ordinary_cdm.json
cello_A2_pp,cello,ordinary,A2,pp,42.644833,cello_ordinary_cdm.json
cello_A2_mf,cello,ordinary,A2,mf,48.499903,cello_ordinary_cdm.json
cello_A2_ff,cello,ordinary,A2,ff,64.624187,cello_ordinary_cdm.json
cello_A#2_pp,cello,ordinary,A#2,pp,48.225637,cello_ordinary_cdm.json
cello_A#2_mf,cello,ordinary,A#2,mf,44.172545,cello_ordinary_cdm.json
cello_A#2_ff,cello,ordinary,A#2,ff,52.814275,cello_ordinary_cdm.json
cello_B2_pp,cello,ordinary,B2,pp,42.672957,cello_ordinary_cdm.json
cello_B2_mf,cello,ordinary,B2,mf,58.515681,cello_ordinary_cdm.json
cello_B2_ff,cello,ordinary,B2,ff,52.2415,cello_ordinary_cdm.json
cello_C3_pp,cello,ordinary,C3,pp,50.88049,cello_ordinary_cdm.json
cello_C3_mf,cello,ordinary,C3,mf,53.816033,cello_ordinary_cdm.json
cello_C3_ff,cello,ordinary,C3,ff,38.924197,cello_ordinary_cdm.json
cello_C#3_pp,cello,ordinary,C#3,pp,32.995011,cello_ordinary_cdm.json
cello_C#3_mf,cello,ordinary,C#3,mf,38.212609,cello_ordinary_cdm.json
cello_C#3_ff,cello,ordinary,C#3,ff,35.968299,cello_ordinary_cdm.json
cello_D3_pp,cello,ordinary,D3,pp,34.827484,cello_ordinary_cdm.json
cello_D3_mf,cello,ordinary,D3,mf,56.423952,cello_ordinary_cdm.json
cello_D3_ff,cello,ordinary,D3,ff,42.829798,cello_ordinary_cdm.json
cello_D#3_pp,cello,ordinary,D#3,pp,39.886908,cello_ordinary_cdm.json
cello_D#3_mf,cello,ordinary,D#3,mf,45.68589,cello_ordinary_cdm.json
cello_D#3_ff,cello,ordinary,D#3,ff,37.494232,cello_ordinary_cdm.json
cello_E3_pp,cello,ordinary,E3,pp,40.165556,cello_ordinary_cdm.json
cello_E3_mf,cello,ordinary,E3,mf,46.724359,cello_ordinary_cdm.json
cello_E3_ff,cello,ordinary,E3,ff,43.840521,cello_ordinary_cdm.json
cello_F3_pp,cello,ordinary,F3,pp,34.678492,cello_ordinary_cdm.json
cello_F3_mf,cello,ordinary,F3,mf,37.176906,cello_ordinary_cdm.json
cello_F3_ff,cello,ordinary,F3,ff,45.011641,cello_ordinary_cdm.json
cello_F#3_pp,cello,ordinary,F#3,pp,30.614076,cello_ordinary_cdm.json
cello_F#3_mf,cello,ordinary,F#3,mf,36.223706,cello_ordinary_cdm.json
cello_F#3_ff,cello,ordinary,F#3,ff,34.862301,cello_ordinary_cdm.json
cello_G3_pp,cello,ordinary,G3,pp,29.709319,cello_ordinary_cdm.json
cello_G3_mf,cello,ordinary,G3,mf,30.094833,cello_ordinary_cdm.json
cello_G3_ff,cello,ordinary,G3,ff,36.268506,cello_ordinary_cdm.json
cello_G#3_pp,cello,ordinary,G#3,pp,23.870021,cello_ordinary_cdm.json
cello_G#3_mf,cello,ordinary,G#3,mf,22.51414,cello_ordinary_cdm.json
cello_G#3_ff,cello,ordinary,G#3,ff,31.231981,cello_ordinary_cdm.json
cello_A3_pp,cello,ordinary,A3,pp,26.191951,cello_ordinary_cdm.json
cello_A3_mf,cello,ordinary,A3,mf,30.92539,cello_ordinary_cdm.json
cello_A3_ff,cello,ordinary,A3,ff,38.257905,cello_ordinary_cdm.json
cello_A#3_pp,cello,ordinary,A#3,pp,28.584675,cello_ordinary_cdm.json
cello_A#3_mf,cello,ordinary,A#3,mf,34.464421,cello_ordinary_cdm.json
cello_A#3_ff,cello,ordinary,A#3,ff,23.852713,cello_ordinary_cdm.json
cello_B3_pp,cello,ordinary,B3,pp,31.442666,cello_ordinary_cdm.json
cello_B3_mf,cello,ordinary,B3,mf,32.081912,cello_ordinary_cdm.json
cello_B3_ff,cello,ordinary,B3,ff,28.055217,cello_ordinary_cdm.json
cello_C4_pp,cello,ordinary,C4,pp,30.832175,cello_ordinary_cdm.json
cello_C4_mf,cello,ordinary,C4,mf,24.268547,cello_ordinary_cdm.json
cello_C4_ff,cello,ordinary,C4,ff,26.56787,cello_ordinary_cdm.json
cello_C#4_pp,cello,ordinary,C#4,pp,28.979309,cello_ordinary_cdm.json
cello_C#4_mf,cello,ordinary,C#4,mf,28.769633,cello_ordinary_cdm.json
cello_C#4_ff,cello,ordinary,C#4,ff,22.74247,cello_ordinary_cdm.json
cello_D4_pp,cello,ordinary,D4,pp,32.472012,cello_ordinary_cdm.json
cello_D4_mf,cello,ordinary,D4,mf,29.683975,cello_ordinary_cdm.json
cello_D4_ff,cello,ordinary,D4,ff,24.524551,cello_ordinary_cdm.json
cello_D#4_pp,cello,ordinary,D#4,pp,21.193923,cello_ordinary_cdm.json
cello_D#4_mf,cello,ordinary,D#4,mf,18.701271,cello_ordinary_cdm.json
cello_D#4_ff,cello,ordinary,D#4,ff,20.009407,cello_ordinary_cdm.json
cello_E4_pp,cello,ordinary,E4,pp,26.752416,cello_ordinary_cdm.json
cello_E4_mf,cello,ordinary,E4,mf,23.632525,cello_ordinary_cdm.json
cello_E4_ff,cello,ordinary,E4,ff,23.48939,cello_ordinary_cdm.json
cello_F4_pp,cello,ordinary,F4,pp,21.179177,cello_ordinary_cdm.json
cello_F4_mf,cello,ordinary,F4,mf,23.451573,cello_ordinary_cdm.json
cello_F4_ff,cello,ordinary,F4,ff,23.023424,cello_ordinary_cdm.json
cello_F#4_pp,cello,ordinary,F#4,pp,22.374843,cello_ordinary_cdm.json
cello_F#4_mf,cello,ordinary,F#4,mf,21.349686,cello_ordinary_cdm.json
cello_F#4_ff,cello,ordinary,F#4,ff,21.845358,cello_ordinary_cdm.json
cello_G4_pp,cello,ordinary,G4,pp,21.699611,cello_ordinary_cdm.json
cello_G4_mf,cello,ordinary,G4,mf,21.163073,cello_ordinary_cdm.json
cello_G4_ff,cello,ordinary,G4,ff,17.128173,cello_ordinary_cdm.json
cello_G#4_pp,cello,ordinary,G#4,pp,18.691884,cello_ordinary_cdm.json
cello_G#4_mf,cello,ordinary,G#4,mf,21.259118,cello_ordinary_cdm.json
cello_G#4_ff,cello,ordinary,G#4,ff,17.431502,cello_ordinary_cdm.json
cello_A4_pp,cello,ordinary,A4,pp,24.226556,cello_ordinary_cdm.json
cello_A4_mf,cello,ordinary,A4,mf,24.103264,cello_ordinary_cdm.json
cello_A4_ff,cello,ordinary,A4,ff,18.158724,cello_ordinary_cdm.json
cello_A#4_pp,cello,ordinary,A#4,pp,17.306435,cello_ordinary_cdm.json
cello_A#4_mf,cello,ordinary,A#4,mf,18.359962,cello_ordinary_cdm.json
cello_A#4_ff,cello,ordinary,A#4,ff,15.449162,cello_ordinary_cdm.json
cello_B4_pp,cello,ordinary,B4,pp,18.451023,cello_ordinary_cdm.json
cello_B4_mf,cello,ordinary,B4,mf,19.099653,cello_ordinary_cdm.json
cello_B4_ff,cello,ordinary,B4,ff,16.195283,cello_ordinary_cdm.json
cello_C5_pp,cello,ordinary,C5,pp,14.056379,cello_ordinary_cdm.json
cello_C5_mf,cello,ordinary,C5,mf,14.224319,cello_ordinary_cdm.json
cello_C5_ff,cello,ordinary,C5,ff,13.389095,cello_ordinary_cdm.json
cello_C#5_pp,cello,ordinary,C#5,pp,11.866304,cello_ordinary_cdm.json
cello_C#5_mf,cello,ordinary,C#5,mf,14.890799,cello_ordinary_cdm.json
cello_C#5_ff,cello,ordinary,C#5,ff,13.08251,cello_ordinary_cdm.json
cello_D5_pp,cello,ordinary,D5,pp,14.885888,cello_ordinary_cdm.json
cello_D5_mf,cello,ordinary,D5,mf,15.567181,cello_ordinary_cdm.json
cello_D5_ff,cello,ordinary,D5,ff,10.468696,cello_ordinary_cdm.json
cello_D#5_pp,cello,ordinary,D#5,pp,13.025811,cello_ordinary_cdm.json
cello_D#5_mf,cello,ordinary,D#5,mf,13.102937,cello_ordinary_cdm.json
cello_D#5_ff,cello,ordinary,D#5,ff,11.628465,cello_ordinary_cdm.json
cello_E5_pp,cello,ordinary,E5,pp,11.857755,cello_ordinary_cdm.json
cello_E5_mf,cello,ordinary,E5,mf,16.521954,cello_ordinary_cdm.json
cello_E5_ff,cello,ordinary,E5,ff,11.463454,cello_ordinary_cdm.json
cello_F5_pp,cello,ordinary,F5,pp,9.650069,cello_ordinary_cdm.json
cello_F5_mf,cello,ordinary,F5,mf,10.959162,cello_ordinary_cdm.json
cello_F5_ff,cello,ordinary,F5,ff,10.71602,cello_ordinary_cdm.json
cello_F#5_pp,cello,ordinary,F#5,pp,11.020324,cello_ordinary_cdm.json
cello_F#5_mf,cello,ordinary,F#5,mf,11.319224,cello_ordinary_cdm.json
cello_F#5_ff,cello,ordinary,F#5,ff,8.531904,cello_ordinary_cdm.json
cello_G5_pp,cello,ordinary,G5,pp,12.291407,cello_ordinary_cdm.json
cello_G5_mf,cello,ordinary,G5,mf,12.544536,cello_ordinary_cdm.json
cello_G5_ff,cello,ordinary,G5,ff,9.737352,cello_ordinary_cdm.json
cello_G#5_pp,cello,ordinary,G#5,pp,9.134798,cello_ordinary_cdm.json
cello_G#5_mf,cello,ordinary,G#5,mf,10.507846,cello_ordinary_cdm.json
cello_G#5_ff,cello,ordinary,G#5,ff,9.123474,cello_ordinary_cdm.json
cello_A5_pp,cello,ordinary,A5,pp,10.925793,cello_ordinary_cdm.json
cello_A5_mf,cello,ordinary,A5,mf,9.76158,cello_ordinary_cdm.json
cello_A5_ff,cello,ordinary,A5,ff,11.684549,cello_ordinary_cdm.json
cello_A#5_pp,cello,ordinary,A#5,pp,7.358502,cello_ordinary_cdm.json
cello_A#5_mf,cello,ordinary,A#5,mf,8.5362,cello_ordinary_cdm.json
cello_A#5_ff,cello,ordinary,A#5,ff,7.520315,cello_ordinary_cdm.json
cello_B5_pp,cello,ordinary,B5,pp,6.36754,cello_ordinary_cdm.json
cello_B5_mf,cello,ordinary,B5,mf,7.200545,cello_ordinary_cdm.json
cello_B5_ff,cello,ordinary,B5,ff,6.453896,cello_ordinary_cdm.json
cello_C6_pp,cello,ordinary,C6,pp,5.157752,cello_ordinary_cdm.json
cello_C6_mf,cello,ordinary,C6,mf,5.576198,cello_ordinary_cdm.json
cello_C6_ff,cello,ordinary,C6,ff,5.262571,cello_ordinary_cdm.json
double_bass_E1_pp,double_bass,ordinary,E1,pp,62.851741,double_bass_ordinary_cdm.json
double_bass_E1_mf,double_bass,ordinary,E1,mf,68.146968,double_bass_ordinary_cdm.json
double_bass_E1_ff,double_bass,ordinary,E1,ff,89.556281,double_bass_ordinary_cdm.json
double_bass_F1_pp,double_bass,ordinary,F1,pp,68.342967,double_bass_ordinary_cdm.json
double_bass_F1_mf,double_bass,ordinary,F1,mf,67.911881,double_bass_ordinary_cdm.json
double_bass_F1_ff,double_bass,ordinary,F1,ff,89.668777,double_bass_ordinary_cdm.json
double_bass_F#1_pp,double_bass,ordinary,F#1,pp,52.403571,double_bass_ordinary_cdm.json
double_bass_F#1_mf,double_bass,ordinary,F#1,mf,73.72935,double_bass_ordinary_cdm.json
double_bass_F#1_ff,double_bass,ordinary,F#1,ff,67.243636,double_bass_ordinary_cdm.json
double_bass_G1_pp,double_bass,ordinary,G1,pp,38.374667,double_bass_ordinary_cdm.json
double_bass_G1_mf,double_bass,ordinary,G1,mf,66.292509,double_bass_ordinary_cdm.json
double_bass_G1_ff,double_bass,ordinary,G1,ff,55.636976,double_bass_ordinary_cdm.json
double_bass_G#1_pp,double_bass,ordinary,G#1,pp,33.78353,double_bass_ordinary_cdm.json
double_bass_G#1_mf,double_bass,ordinary,G#1,mf,38.567668,double_bass_ordinary_cdm.json
double_bass_G#1_ff,double_bass,ordinary,G#1,ff,48.585372,double_bass_ordinary_cdm.json
double_bass_A1_pp,double_bass,ordinary,A1,pp,45.241833,double_bass_ordinary_cdm.json
double_bass_A1_mf,double_bass,ordinary,A1,mf,52.909195,double_bass_ordinary_cdm.json
double_bass_A1_ff,double_bass,ordinary,A1,ff,59.800076,double_bass_ordinary_cdm.json
double_bass_A#1_pp,double_bass,ordinary,A#1,pp,40.561869,double_bass_ordinary_cdm.json
double_bass_A#1_mf,double_bass,ordinary,A#1,mf,55.597516,double_bass_ordinary_cdm.json
double_bass_A#1_ff,double_bass,ordinary,A#1,ff,60.707733,double_bass_ordinary_cdm.json
double_bass_B1_pp,double_bass,ordinary,B1,pp,50.526032,double_bass_ordinary_cdm.json
double_bass_B1_mf,double_bass,ordinary,B1,mf,53.54672,double_bass_ordinary_cdm.json
double_bass_B1_ff,double_bass,ordinary,B1,ff,56.366389,double_bass_ordinary_cdm.json
double_bass_C2_pp,double_bass,ordinary,C2,pp,42.869054,double_bass_ordinary_cdm.json
double_bass_C2_mf,double_bass,ordinary,C2,mf,39.524911,double_bass_ordinary_cdm.json
double_bass_C2_ff,double_bass,ordinary,C2,ff,58.083162,double_bass_ordinary_cdm.json
double_bass_C#2_pp,double_bass,ordinary,C#2,pp,37.226914,double_bass_ordinary_cdm.json
double_bass_C#2_mf,double_bass,ordinary,C#2,mf,35.329676,double_bass_ordinary_cdm.json
double_bass_C#2_ff,double_bass,ordinary,C#2,ff,42.092935,double_bass_ordinary_cdm.json
double_bass_D2_pp,double_bass,ordinary,D2,pp,37.378471,double_bass_ordinary_cdm.json
double_bass_D2_mf,double_bass,ordinary,D2,mf,34.144331,double_bass_ordinary_cdm.json
double_bass_D2_ff,double_bass,ordinary,D2,ff,39.381996,double_bass_ordinary_cdm.json
double_bass_D#2_pp,double_bass,ordinary,D#2,pp,34.858534,double_bass_ordinary_cdm.json
double_bass_D#2_mf,double_bass,ordinary,D#2,mf,38.938187,double_bass_ordinary_cdm.json
double_bass_D#2_ff,double_bass,ordinary,D#2,ff,41.851193,double_bass_ordinary_cdm.json
double_bass_E2_pp,double_bass,ordinary,E2,pp,39.820352,double_bass_ordinary_cdm.json
double_bass_E2_mf,double_bass,ordinary,E2,mf,44.904327,double_bass_ordinary_cdm.json
double_bass_E2_ff,double_bass,ordinary,E2,ff,52.605099,double_bass_ordinary_cdm.json
double_bass_F2_pp,double_bass,ordinary,F2,pp,32.057125,double_bass_ordinary_cdm.json
double_bass_F2_mf,double_bass,ordinary,F2,mf,44.57688,double_bass_ordinary_cdm.json
double_bass_F2_ff,double_bass,ordinary,F2,ff,41.662093,double_bass_ordinary_cdm.json
double_bass_F#2_pp,double_bass,ordinary,F#2,pp,31.415176,double_bass_ordinary_cdm.json
double_bass_F#2_mf,double_bass,ordinary,F#2,mf,36.710454,double_bass_ordinary_cdm.json
double_bass_F#2_ff,double_bass,ordinary,F#2,ff,41.643499,double_bass_ordinary_cdm.json
double_bass_G2_pp,double_bass,ordinary,G2,pp,29.382299,double_bass_ordinary_cdm.json
double_bass_G2_mf,double_bass,ordinary,G2,mf,41.848498,double_bass_ordinary_cdm.json
double_bass_G2_ff,double_bass,ordinary,G2,ff,38.446632,double_bass_ordinary_cdm.json
double_bass_G#2_pp,double_bass,ordinary,G#2,pp,23.600827,double_bass_ordinary_cdm.json
double_bass_G#2_mf,double_bass,ordinary,G#2,mf,25.804115,double_bass_ordinary_cdm.json
double_bass_G#2_ff,double_bass,ordinary,G#2,ff,23.777648,double_bass_ordinary_cdm.json
double_bass_A2_pp,double_bass,ordinary,A2,pp,37.954012,double_bass_ordinary_cdm.json
double_bass_A2_mf,double_bass,ordinary,A2,mf,55.435454,double_bass_ordinary_cdm.json
double_bass_A2_ff,double_bass,ordinary,A2,ff,30.765658,double_bass_ordinary_cdm.json
double_bass_A#2_pp,double_bass,ordinary,A#2,pp,34.316669,double_bass_ordinary_cdm.json
double_bass_A#2_mf,double_bass,ordinary,A#2,mf,42.10368,double_bass_ordinary_cdm.json
double_bass_A#2_ff,double_bass,ordinary,A#2,ff,38.07556,double_bass_ordinary_cdm.json
double_bass_B2_pp,double_bass,ordinary,B2,pp,34.433284,double_bass_ordinary_cdm.json
double_bass_B2_mf,double_bass,ordinary,B2,mf,49.124752,double_bass_ordinary_cdm.json
double_bass_B2_ff,double_bass,ordinary,B2,ff,60.587924,double_bass_ordinary_cdm.json
double_bass_C3_pp,double_bass,ordinary,C3,pp,37.307357,double_bass_ordinary_cdm.json
double_bass_C3_mf,double_bass,ordinary,C3,mf,49.952933,double_bass_ordinary_cdm.json
double_bass_C3_ff,double_bass,ordinary,C3,ff,42.849937,double_bass_ordinary_cdm.json
double_bass_C#3_pp,double_bass,ordinary,C#3,pp,45.548412,double_bass_ordinary_cdm.json
double_bass_C#3_mf,double_bass,ordinary,C#3,mf,37.696838,double_bass_ordinary_cdm.json
double_bass_C#3_ff,double_bass,ordinary,C#3,ff,55.571074,double_bass_ordinary_cdm.json
double_bass_D3_pp,double_bass,ordinary,D3,pp,36.256618,double_bass_ordinary_cdm.json
double_bass_D3_mf,double_bass,ordinary,D3,mf,40.592667,double_bass_ordinary_cdm.json
double_bass_D3_ff,double_bass,ordinary,D3,ff,51.709786,double_bass_ordinary_cdm.json
double_bass_D#3_pp,double_bass,ordinary,D#3,pp,38.368971,double_bass_ordinary_cdm.json
double_bass_D#3_mf,double_bass,ordinary,D#3,mf,38.853647,double_bass_ordinary_cdm.json
double_bass_D#3_ff,double_bass,ordinary,D#3,ff,43.166477,double_bass_ordinary_cdm.json
double_bass_E3_pp,double_bass,ordinary,E3,pp,35.775475,double_bass_ordinary_cdm.json
double_bass_E3_mf,double_bass,ordinary,E3,mf,39.10624,double_bass_ordinary_cdm.json
double_bass_E3_ff,double_bass,ordinary,E3,ff,38.795969,double_bass_ordinary_cdm.json
double_bass_F3_pp,double_bass,ordinary,F3,pp,31.497165,double_bass_ordinary_cdm.json
double_bass_F3_mf,double_bass,ordinary,F3,mf,39.169219,double_bass_ordinary_cdm.json
double_bass_F3_ff,double_bass,ordinary,F3,ff,39.803759,double_bass_ordinary_cdm.json
double_bass_F#3_pp,double_bass,ordinary,F#3,pp,26.634748,double_bass_ordinary_cdm.json
double_bass_F#3_mf,double_bass,ordinary,F#3,mf,34.147334,double_bass_ordinary_cdm.json
double_bass_F#3_ff,double_bass,ordinary,F#3,ff,30.522211,double_bass_ordinary_cdm.json
double_bass_G3_pp,double_bass,ordinary,G3,pp,19.855789,double_bass_ordinary_cdm.json
double_bass_G3_mf,double_bass,ordinary,G3,mf,30.854407,double_bass_ordinary_cdm.json
double_bass_G3_ff,double_bass,ordinary,G3,ff,31.147623,double_bass_ordinary_cdm.json
double_bass_G#3_pp,double_bass,ordinary,G#3,pp,23.633009,double_bass_ordinary_cdm.json
double_bass_G#3_mf,double_bass,ordinary,G#3,mf,24.234414,double_bass_ordinary_cdm.json
double_bass_G#3_ff,double_bass,ordinary,G#3,ff,26.442099,double_bass_ordinary_cdm.json
double_bass_A3_pp,double_bass,ordinary,A3,pp,21.771446,double_bass_ordinary_cdm.json
double_bass_A3_mf,double_bass,ordinary,A3,mf,23.363639,double_bass_ordinary_cdm.json
double_bass_A3_ff,double_bass,ordinary,A3,ff,23.288357,double_bass_ordinary_cdm.json
double_bass_A#3_pp,double_bass,ordinary,A#3,pp,26.561281,double_bass_ordinary_cdm.json
double_bass_A#3_mf,double_bass,ordinary,A#3,mf,25.060635,double_bass_ordinary_cdm.json
double_bass_A#3_ff,double_bass,ordinary,A#3,ff,26.55611,double_bass_ordinary_cdm.json
double_bass_B3_pp,double_bass,ordinary,B3,pp,33.218245,double_bass_ordinary_cdm.json
double_bass_B3_mf,double_bass,ordinary,B3,mf,29.622159,double_bass_ordinary_cdm.json
double_bass_B3_ff,double_bass,ordinary,B3,ff,30.46437,double_bass_ordinary_cdm.json
double_bass_C4_pp,double_bass,ordinary,C4,pp,29.667227,double_bass_ordinary_cdm.json
double_bass_C4_mf,double_bass,ordinary,C4,mf,28.97921,double_bass_ordinary_cdm.json
double_bass_C4_ff,double_bass,ordinary,C4,ff,38.02027,double_bass_ordinary_cdm.json
double_bass_C#4_pp,double_bass,ordinary,C#4,pp,27.733857,double_bass_ordinary_cdm.json
double_bass_C#4_mf,double_bass,ordinary,C#4,mf,26.875424,double_bass_ordinary_cdm.json
double_bass_C#4_ff,double_bass,ordinary,C#4,ff,30.132005,double_bass_ordinary_cdm.json
double_bass_D4_pp,double_bass,ordinary,D4,pp,28.615411,double_bass_ordinary_cdm.json
double_bass_D4_mf,double_bass,ordinary,D4,mf,23.674782,double_bass_ordinary_cdm.json
double_bass_D4_ff,double_bass,ordinary,D4,ff,27.498803,double_bass_ordinary_cdm.json
double_bass_D#4_pp,double_bass,ordinary,D#4,pp,23.600421,double_bass_ordinary_cdm.json
double_bass_D#4_mf,double_bass,ordinary,D#4,mf,16.53794,double_bass_ordinary_cdm.json
double_bass_D#4_ff,double_bass,ordinary,D#4,ff,27.454664,double_bass_ordinary_cdm.json
double_bass_E4_pp,double_bass,ordinary,E4,pp,23.261444,double_bass_ordinary_cdm.json
double_bass_E4_mf,double_bass,ordinary,E4,mf,18.548183,double_bass_ordinary_cdm.json
double_bass_E4_ff,double_bass,ordinary,E4,ff,29.581959,double_bass_ordinary_cdm.json
double_bass_F4_pp,double_bass,ordinary,F4,pp,18.16792,double_bass_ordinary_cdm.json
double_bass_F4_mf,double_bass,ordinary,F4,mf,17.528267,double_bass_ordinary_cdm.json
double_bass_F4_ff,double_bass,ordinary,F4,ff,22.885256,double_bass_ordinary_cdm.json
double_bass_F#4_pp,double_bass,ordinary,F#4,pp,22.610232,double_bass_ordinary_cdm.json
double_bass_F#4_mf,double_bass,ordinary,F#4,mf,15.154271,double_bass_ordinary_cdm.json
double_bass_F#4_ff,double_bass,ordinary,F#4,ff,29.745109,double_bass_ordinary_cdm.json
double_bass_G4_pp,double_bass,ordinary,G4,pp,17.456604,double_bass_ordinary_cdm.json
double_bass_G4_mf,double_bass,ordinary,G4,mf,12.457552,double_bass_ordinary_cdm.json
double_bass_G4_ff,double_bass,ordinary,G4,ff,21.847957,double_bass_ordinary_cdm.json
double_bass_G#4_pp,double_bass,ordinary,G#4,pp,16.930815,double_bass_ordinary_cdm.json
double_bass_G#4_mf,double_bass,ordinary,G#4,mf,11.427322,double_bass_ordinary_cdm.json
double_bass_G#4_ff,double_bass,ordinary,G#4,ff,21.465863,double_bass_ordinary_cdm.json
double_bass_A4_pp,double_bass,ordinary,A4,pp,14.938533,double_bass_ordinary_cdm.json
double_bass_A4_mf,double_bass,ordinary,A4,mf,9.375939,double_bass_ordinary_cdm.json
double_bass_A4_ff,double_bass,ordinary,A4,ff,16.478785,double_bass_ordinary_cdm.json
double_bass_A#4_pp,double_bass,ordinary,A#4,pp,14.887534,double_bass_ordinary_cdm.json
double_bass_A#4_mf,double_bass,ordinary,A#4,mf,12.217823,double_bass_ordinary_cdm.json
double_bass_A#4_ff,double_bass,ordinary,A#4,ff,15.484825,double_bass_ordinary_cdm.json
double_bass_B4_pp,double_bass,ordinary,B4,pp,11.511656,double_bass_ordinary_cdm.json
double_bass_B4_mf,double_bass,ordinary,B4,mf,6.621719,double_bass_ordinary_cdm.json
double_bass_B4_ff,double_bass,ordinary,B4,ff,13.028944,double_bass_ordinary_cdm.json
double_bass_C5_pp,double_bass,ordinary,C5,pp,11.479589,double_bass_ordinary_cdm.json
double_bass_C5_mf,double_bass,ordinary,C5,mf,6.146346,double_bass_ordinary_cdm.json
double_bass_C5_ff,double_bass,ordinary,C5,ff,11.26156,double_bass_ordinary_cdm.json
viola_C3_pp,viola,ordinary,C3,pp,53.040231,viola_ordinary_cdm.json
viola_C3_mf,viola,ordinary,C3,mf,62.806258,viola_ordinary_cdm.json
viola_C3_ff,viola,ordinary,C3,ff,64.678251,viola_ordinary_cdm.json
viola_C#3_pp,viola,ordinary,C#3,pp,52.628812,viola_ordinary_cdm.json
viola_C#3_mf,viola,ordinary,C#3,mf,55.856171,viola_ordinary_cdm.json
viola_C#3_ff,viola,ordinary,C#3,ff,55.464366,viola_ordinary_cdm.json
viola_D3_pp,viola,ordinary,D3,pp,46.300964,viola_ordinary_cdm.json
viola_D3_mf,viola,ordinary,D3,mf,48.825667,viola_ordinary_cdm.json
viola_D3_ff,viola,ordinary,D3,ff,53.258255,viola_ordinary_cdm.json
viola_D#3_pp,viola,ordinary,D#3,pp,42.732057,viola_ordinary_cdm.json
viola_D#3_mf,viola,ordinary,D#3,mf,51.148026,viola_ordinary_cdm.json
viola_D#3_ff,viola,ordinary,D#3,ff,51.741686,viola_ordinary_cdm.json
viola_E3_pp,viola,ordinary,E3,pp,42.562219,viola_ordinary_cdm.json
viola_E3_mf,viola,ordinary,E3,mf,45.746578,viola_ordinary_cdm.json
viola_E3_ff,viola,ordinary,E3,ff,45.88106,viola_ordinary_cdm.json
viola_F3_pp,viola,ordinary,F3,pp,32.676859,viola_ordinary_cdm.json
viola_F3_mf,viola,ordinary,F3,mf,38.48503,viola_ordinary_cdm.json
viola_F3_ff,viola,ordinary,F3,ff,38.922533,viola_ordinary_cdm.json
viola_F#3_pp,viola,ordinary,F#3,pp,35.703137,viola_ordinary_cdm.json
viola_F#3_mf,viola,ordinary,F#3,mf,39.983901,viola_ordinary_cdm.json
viola_F#3_ff,viola,ordinary,F#3,ff,38.738388,viola_ordinary_cdm.json
viola_G3_pp,viola,ordinary,G3,pp,44.943879,viola_ordinary_cdm.json
viola_G3_mf,viola,ordinary,G3,mf,48.450564,viola_ordinary_cdm.json
viola_G3_ff,viola,ordinary,G3,ff,47.572886,viola_ordinary_cdm.json
viola_G#3_pp,viola,ordinary,G#3,pp,27.495821,viola_ordinary_cdm.json
viola_G#3_mf,viola,ordinary,G#3,mf,28.535138,viola_ordinary_cdm.json
viola_G#3_ff,viola,ordinary,G#3,ff,30.730608,viola_ordinary_cdm.json
viola_A3_pp,viola,ordinary,A3,pp,25.514571,viola_ordinary_cdm.json
viola_A3_mf,viola,ordinary,A3,mf,27.02792,viola_ordinary_cdm.json
viola_A3_ff,viola,ordinary,A3,ff,26.606568,viola_ordinary_cdm.json
viola_A#3_pp,viola,ordinary,A#3,pp,23.650212,viola_ordinary_cdm.json
viola_A#3_mf,viola,ordinary,A#3,mf,25.057078,viola_ordinary_cdm.json
viola_A#3_ff,viola,ordinary,A#3,ff,28.74837,viola_ordinary_cdm.json
viola_B3_pp,viola,ordinary,B3,pp,23.328144,viola_ordinary_cdm.json
viola_B3_mf,viola,ordinary,B3,mf,26.714061,viola_ordinary_cdm.json
viola_B3_ff,viola,ordinary,B3,ff,22.52097,viola_ordinary_cdm.json
viola_C4_pp,viola,ordinary,C4,pp,24.864557,viola_ordinary_cdm.json
viola_C4_mf,viola,ordinary,C4,mf,28.856327,viola_ordinary_cdm.json
viola_C4_ff,viola,ordinary,C4,ff,29.949936,viola_ordinary_cdm.json
viola_C#4_pp,viola,ordinary,C#4,pp,26.122141,viola_ordinary_cdm.json
viola_C#4_mf,viola,ordinary,C#4,mf,22.659352,viola_ordinary_cdm.json
viola_C#4_ff,viola,ordinary,C#4,ff,24.721467,viola_ordinary_cdm.json
viola_D4_pp,viola,ordinary,D4,pp,27.954406,viola_ordinary_cdm.json
viola_D4_mf,viola,ordinary,D4,mf,27.251578,viola_ordinary_cdm.json
viola_D4_ff,viola,ordinary,D4,ff,29.751846,viola_ordinary_cdm.json
viola_D#4_pp,viola,ordinary,D#4,pp,24.673988,viola_ordinary_cdm.json
viola_D#4_mf,viola,ordinary,D#4,mf,21.862305,viola_ordinary_cdm.json
viola_D#4_ff,viola,ordinary,D#4,ff,22.033111,viola_ordinary_cdm.json
viola_E4_pp,viola,ordinary,E4,pp,19.845925,viola_ordinary_cdm.json
viola_E4_mf,viola,ordinary,E4,mf,19.799905,viola_ordinary_cdm.json
viola_E4_ff,viola,ordinary,E4,ff,20.781418,viola_ordinary_cdm.json
viola_F4_pp,viola,ordinary,F4,pp,16.887165,viola_ordinary_cdm.json
viola_F4_mf,viola,ordinary,F4,mf,16.820583,viola_ordinary_cdm.json
viola_F4_ff,viola,ordinary,F4,ff,16.047916,viola_ordinary_cdm.json
viola_F#4_pp,viola,ordinary,F#4,pp,17.86533,viola_ordinary_cdm.json
viola_F#4_mf,viola,ordinary,F#4,mf,18.147522,viola_ordinary_cdm.json
viola_F#4_ff,viola,ordinary,F#4,ff,17.258643,viola_ordinary_cdm.json
viola_G4_pp,viola,ordinary,G4,pp,21.213318,viola_ordinary_cdm.json
viola_G4_mf,viola,ordinary,G4,mf,19.424886,viola_ordinary_cdm.json
viola_G4_ff,viola,ordinary,G4,ff,19.636917,viola_ordinary_cdm.json
viola_G#4_pp,viola,ordinary,G#4,pp,18.794672,viola_ordinary_cdm.json
viola_G#4_mf,viola,ordinary,G#4,mf,17.56433,viola_ordinary_cdm.json
viola_G#4_ff,viola,ordinary,G#4,ff,17.886548,viola_ordinary_cdm.json
viola_A4_pp,viola,ordinary,A4,pp,19.33069,viola_ordinary_cdm.json
viola_A4_mf,viola,ordinary,A4,mf,20.810507,viola_ordinary_cdm.json
viola_A4_ff,viola,ordinary,A4,ff,21.351478,viola_ordinary_cdm.json
viola_A#4_pp,viola,ordinary,A#4,pp,18.703919,viola_ordinary_cdm.json
viola_A#4_mf,viola,ordinary,A#4,mf,15.878015,viola_ordinary_cdm.json
viola_A#4_ff,viola,ordinary,A#4,ff,16.779028,viola_ordinary_cdm.json
viola_B4_pp,viola,ordinary,B4,pp,18.686794,viola_ordinary_cdm.json
viola_B4_mf,viola,ordinary,B4,mf,16.923815,viola_ordinary_cdm.json
viola_B4_ff,viola,ordinary,B4,ff,15.166433,viola_ordinary_cdm.json
viola_C5_pp,viola,ordinary,C5,pp,14.204787,viola_ordinary_cdm.json
viola_C5_mf,viola,ordinary,C5,mf,13.331529,viola_ordinary_cdm.json
viola_C5_ff,viola,ordinary,C5,ff,13.625353,viola_ordinary_cdm.json
viola_C#5_pp,viola,ordinary,C#5,pp,13.606495,viola_ordinary_cdm.json
viola_C#5_mf,viola,ordinary,C#5,mf,13.241895,viola_ordinary_cdm.json
viola_C#5_ff,viola,ordinary,C#5,ff,11.966232,viola_ordinary_cdm.json
viola_D5_pp,viola,ordinary,D5,pp,14.207472,viola_ordinary_cdm.json
viola_D5_mf,viola,ordinary,D5,mf,14.497863,viola_ordinary_cdm.json
viola_D5_ff,viola,ordinary,D5,ff,14.57471,viola_ordinary_cdm.json
viola_D#5_pp,viola,ordinary,D#5,pp,12.763109,viola_ordinary_cdm.json
viola_D#5_mf,viola,ordinary,D#5,mf,12.111519,viola_ordinary_cdm.json
viola_D#5_ff,viola,ordinary,D#5,ff,13.45466,viola_ordinary_cdm.json
viola_E5_pp,viola,ordinary,E5,pp,10.992217,viola_ordinary_cdm.json
viola_E5_mf,viola,ordinary,E5,mf,11.033411,viola_ordinary_cdm.json
viola_E5_ff,viola,ordinary,E5,ff,11.443659,viola_ordinary_cdm.json
viola_F5_pp,viola,ordinary,F5,pp,10.526492,viola_ordinary_cdm.json
viola_F5_mf,viola,ordinary,F5,mf,9.558647,viola_ordinary_cdm.json
viola_F5_ff,viola,ordinary,F5,ff,9.624044,viola_ordinary_cdm.json
viola_F#5_pp,viola,ordinary,F#5,pp,7.719122,viola_ordinary_cdm.json
viola_F#5_mf,viola,ordinary,F#5,mf,7.450748,viola_ordinary_cdm.json
viola_F#5_ff,viola,ordinary,F#5,ff,7.729003,viola_ordinary_cdm.json
viola_G5_pp,viola,ordinary,G5,pp,10.177074,viola_ordinary_cdm.json
viola_G5_mf,viola,ordinary,G5,mf,10.066228,viola_ordinary_cdm.json
viola_G5_ff,viola,ordinary,G5,ff,9.540261,viola_ordinary_cdm.json
viola_G#5_pp,viola,ordinary,G#5,pp,8.986104,viola_ordinary_cdm.json
viola_G#5_mf,viola,ordinary,G#5,mf,10.06828,viola_ordinary_cdm.json
viola_G#5_ff,viola,ordinary,G#5,ff,9.397278,viola_ordinary_cdm.json
viola_A5_pp,viola,ordinary,A5,pp,8.259369,viola_ordinary_cdm.json
viola_A5_mf,viola,ordinary,A5,mf,7.879721,viola_ordinary_cdm.json
viola_A5_ff,viola,ordinary,A5,ff,8.142972,viola_ordinary_cdm.json
viola_A#5_pp,viola,ordinary,A#5,pp,8.665828,viola_ordinary_cdm.json
viola_A#5_mf,viola,ordinary,A#5,mf,9.237731,viola_ordinary_cdm.json
viola_A#5_ff,viola,ordinary,A#5,ff,8.732884,viola_ordinary_cdm.json
viola_B5_pp,viola,ordinary,B5,pp,9.078026,viola_ordinary_cdm.json
viola_B5_mf,viola,ordinary,B5,mf,8.56009,viola_ordinary_cdm.json
viola_B5_ff,viola,ordinary,B5,ff,8.519324,viola_ordinary_cdm.json
viola_C6_pp,viola,ordinary,C6,pp,7.608984,viola_ordinary_cdm.json
viola_C6_mf,viola,ordinary,C6,mf,6.873599,viola_ordinary_cdm.json
viola_C6_ff,viola,ordinary,C6,ff,7.222314,viola_ordinary_cdm.json
viola_C#6_pp,viola,ordinary,C#6,pp,7.50039,viola_ordinary_cdm.json
viola_C#6_mf,viola,ordinary,C#6,mf,7.223555,viola_ordinary_cdm.json
viola_C#6_ff,viola,ordinary,C#6,ff,7.223124,viola_ordinary_cdm.json
viola_D6_pp,viola,ordinary,D6,pp,7.968202,viola_ordinary_cdm.json
viola_D6_mf,viola,ordinary,D6,mf,7.028986,viola_ordinary_cdm.json
viola_D6_ff,viola,ordinary,D6,ff,8.356678,viola_ordinary_cdm.json
viola_D#6_pp,viola,ordinary,D#6,pp,7.282524,viola_ordinary_cdm.json
viola_D#6_mf,viola,ordinary,D#6,mf,6.505312,viola_ordinary_cdm.json
viola_D#6_ff,viola,ordinary,D#6,ff,7.301591,viola_ordinary_cdm.json
viola_E6_pp,viola,ordinary,E6,pp,7.98995,viola_ordinary_cdm.json
viola_E6_mf,viola,ordinary,E6,mf,7.657391,viola_ordinary_cdm.json
viola_E6_ff,viola,ordinary,E6,ff,9.046506,viola_ordinary_cdm.json
viola_F6_pp,viola,ordinary,F6,pp,5.550638,viola_ordinary_cdm.json
viola_F6_mf,viola,ordinary,F6,mf,5.110859,viola_ordinary_cdm.json
viola_F6_ff,viola,ordinary,F6,ff,6.19534,viola_ordinary_cdm.json
viola_F#6_pp,viola,ordinary,F#6,pp,5.92388,viola_ordinary_cdm.json
viola_F#6_mf,viola,ordinary,F#6,mf,6.352379,viola_ordinary_cdm.json
viola_F#6_ff,viola,ordinary,F#6,ff,6.300378,viola_ordinary_cdm.json
viola_G6_pp,viola,ordinary,G6,pp,4.528296,viola_ordinary_cdm.json
viola_G6_mf,viola,ordinary,G6,mf,5.401213,viola_ordinary_cdm.json
viola_G6_ff,viola,ordinary,G6,ff,5.763935,viola_ordinary_cdm.json
viola_G#6_pp,viola,ordinary,G#6,pp,5.01212,viola_ordinary_cdm.json
viola_G#6_mf,viola,ordinary,G#6,mf,4.929018,viola_ordinary_cdm.json
viola_G#6_ff,viola,ordinary,G#6,ff,5.900219,viola_ordinary_cdm.json
viola_A6_pp,viola,ordinary,A6,pp,5.277487,viola_ordinary_cdm.json
viola_A6_mf,viola,ordinary,A6,mf,6.045336,viola_ordinary_cdm.json
viola_A6_ff,viola,ordinary,A6,ff,7.41803,viola_ordinary_cdm.json
viola_A#6_pp,viola,ordinary,A#6,pp,4.864399,viola_ordinary_cdm.json
viola_A#6_mf,viola,ordinary,A#6,mf,4.026284,viola_ordinary_cdm.json
viola_A#6_ff,viola,ordinary,A#6,ff,5.082864,viola_ordinary_cdm.json
viola_B6_pp,viola,ordinary,B6,pp,3.160347,viola_ordinary_cdm.json
viola_B6_mf,viola,ordinary,B6,mf,3.341944,viola_ordinary_cdm.json
viola_B6_ff,viola,ordinary,B6,ff,4.401535,viola_ordinary_cdm.json
viola_C7_pp,viola,ordinary,C7,pp,3.393524,viola_ordinary_cdm.json
viola_C7_mf,viola,ordinary,C7,mf,3.291051,viola_ordinary_cdm.json
viola_C7_ff,viola,ordinary,C7,ff,3.062043,viola_ordinary_cdm.json
violin_G3_pp,violin,ordinary,G3,pp,57.391507,violin_ordinary_cdm.json
violin_G3_mf,violin,ordinary,G3,mf,61.65907,violin_ordinary_cdm.json
violin_G3_ff,violin,ordinary,G3,ff,70.623528,violin_ordinary_cdm.json
violin_G#3_pp,violin,ordinary,G#3,pp,33.591535,violin_ordinary_cdm.json
violin_G#3_mf,violin,ordinary,G#3,mf,36.008517,violin_ordinary_cdm.json
violin_G#3_ff,violin,ordinary,G#3,ff,38.554306,violin_ordinary_cdm.json
violin_A3_pp,violin,ordinary,A3,pp,30.702267,violin_ordinary_cdm.json
violin_A3_mf,violin,ordinary,A3,mf,29.143841,violin_ordinary_cdm.json
violin_A3_ff,violin,ordinary,A3,ff,42.287864,violin_ordinary_cdm.json
violin_A#3_pp,violin,ordinary,A#3,pp,28.838925,violin_ordinary_cdm.json
violin_A#3_mf,violin,ordinary,A#3,mf,32.194271,violin_ordinary_cdm.json
violin_A#3_ff,violin,ordinary,A#3,ff,38.719126,violin_ordinary_cdm.json
violin_B3_pp,violin,ordinary,B3,pp,39.784207,violin_ordinary_cdm.json
violin_B3_mf,violin,ordinary,B3,mf,39.101102,violin_ordinary_cdm.json
violin_B3_ff,violin,ordinary,B3,ff,35.503268,violin_ordinary_cdm.json
violin_C4_pp,violin,ordinary,C4,pp,27.340394,violin_ordinary_cdm.json
violin_C4_mf,violin,ordinary,C4,mf,23.374901,violin_ordinary_cdm.json
violin_C4_ff,violin,ordinary,C4,ff,27.795461,violin_ordinary_cdm.json
violin_C#4_pp,violin,ordinary,C#4,pp,25.052836,violin_ordinary_cdm.json
violin_C#4_mf,violin,ordinary,C#4,mf,22.127835,violin_ordinary_cdm.json
violin_C#4_ff,violin,ordinary,C#4,ff,25.8856,violin_ordinary_cdm.json
violin_D4_pp,violin,ordinary,D4,pp,26.133791,violin_ordinary_cdm.json
violin_D4_mf,violin,ordinary,D4,mf,34.381636,violin_ordinary_cdm.json
violin_D4_ff,violin,ordinary,D4,ff,36.879891,violin_ordinary_cdm.json
violin_D#4_pp,violin,ordinary,D#4,pp,26.560277,violin_ordinary_cdm.json
violin_D#4_mf,violin,ordinary,D#4,mf,32.386338,violin_ordinary_cdm.json
violin_D#4_ff,violin,ordinary,D#4,ff,30.695905,violin_ordinary_cdm.json
violin_E4_pp,violin,ordinary,E4,pp,31.15438,violin_ordinary_cdm.json
violin_E4_mf,violin,ordinary,E4,mf,35.982938,violin_ordinary_cdm.json
violin_E4_ff,violin,ordinary,E4,ff,34.793031,violin_ordinary_cdm.json
violin_F4_pp,violin,ordinary,F4,pp,26.177892,violin_ordinary_cdm.json
violin_F4_mf,violin,ordinary,F4,mf,26.256405,violin_ordinary_cdm.json
violin_F4_ff,violin,ordinary,F4,ff,31.173848,violin_ordinary_cdm.json
violin_F#4_pp,violin,ordinary,F#4,pp,26.192578,violin_ordinary_cdm.json
violin_F#4_mf,violin,ordinary,F#4,mf,29.118582,violin_ordinary_cdm.json
violin_F#4_ff,violin,ordinary,F#4,ff,28.988298,violin_ordinary_cdm.json
violin_G4_pp,violin,ordinary,G4,pp,26.244,violin_ordinary_cdm.json
violin_G4_mf,violin,ordinary,G4,mf,28.582867,violin_ordinary_cdm.json
violin_G4_ff,violin,ordinary,G4,ff,29.160595,violin_ordinary_cdm.json
violin_G#4_pp,violin,ordinary,G#4,pp,21.367527,violin_ordinary_cdm.json
violin_G#4_mf,violin,ordinary,G#4,mf,20.040854,violin_ordinary_cdm.json
violin_G#4_ff,violin,ordinary,G#4,ff,24.983277,violin_ordinary_cdm.json
violin_A4_pp,violin,ordinary,A4,pp,27.47028,violin_ordinary_cdm.json
violin_A4_mf,violin,ordinary,A4,mf,23.809207,violin_ordinary_cdm.json
violin_A4_ff,violin,ordinary,A4,ff,30.79765,violin_ordinary_cdm.json
violin_A#4_pp,violin,ordinary,A#4,pp,22.652636,violin_ordinary_cdm.json
violin_A#4_mf,violin,ordinary,A#4,mf,20.433399,violin_ordinary_cdm.json
violin_A#4_ff,violin,ordinary,A#4,ff,26.037132,violin_ordinary_cdm.json
violin_B4_pp,violin,ordinary,B4,pp,25.336199,violin_ordinary_cdm.json
violin_B4_mf,violin,ordinary,B4,mf,25.26667,violin_ordinary_cdm.json
violin_B4_ff,violin,ordinary,B4,ff,23.994139,violin_ordinary_cdm.json
violin_C5_pp,violin,ordinary,C5,pp,16.400225,violin_ordinary_cdm.json
violin_C5_mf,violin,ordinary,C5,mf,16.67357,violin_ordinary_cdm.json
violin_C5_ff,violin,ordinary,C5,ff,16.590142,violin_ordinary_cdm.json
violin_C#5_pp,violin,ordinary,C#5,pp,19.387751,violin_ordinary_cdm.json
violin_C#5_mf,violin,ordinary,C#5,mf,15.382446,violin_ordinary_cdm.json
violin_C#5_ff,violin,ordinary,C#5,ff,17.748366,violin_ordinary_cdm.json
violin_D5_pp,violin,ordinary,D5,pp,16.640459,violin_ordinary_cdm.json
violin_D5_mf,violin,ordinary,D5,mf,18.281285,violin_ordinary_cdm.json
violin_D5_ff,violin,ordinary,D5,ff,18.556922,violin_ordinary_cdm.json
violin_D#5_pp,violin,ordinary,D#5,pp,17.096813,violin_ordinary_cdm.json
violin_D#5_mf,violin,ordinary,D#5,mf,16.571727,violin_ordinary_cdm.json
violin_D#5_ff,violin,ordinary,D#5,ff,18.685236,violin_ordinary_cdm.json
violin_E5_pp,violin,ordinary,E5,pp,21.459182,violin_ordinary_cdm.json
violin_E5_mf,violin,ordinary,E5,mf,23.295079,violin_ordinary_cdm.json
violin_E5_ff,violin,ordinary,E5,ff,25.541413,violin_ordinary_cdm.json
violin_F5_pp,violin,ordinary,F5,pp,15.674254,violin_ordinary_cdm.json
violin_F5_mf,violin,ordinary,F5,mf,18.070114,violin_ordinary_cdm.json
violin_F5_ff,violin,ordinary,F5,ff,19.702604,violin_ordinary_cdm.json
violin_F#5_pp,violin,ordinary,F#5,pp,14.343111,violin_ordinary_cdm.json
violin_F#5_mf,violin,ordinary,F#5,mf,17.293324,violin_ordinary_cdm.json
violin_F#5_ff,violin,ordinary,F#5,ff,20.63479,violin_ordinary_cdm.json
violin_G5_pp,violin,ordinary,G5,pp,15.895791,violin_ordinary_cdm.json
violin_G5_mf,violin,ordinary,G5,mf,17.19385,violin_ordinary_cdm.json
violin_G5_ff,violin,ordinary,G5,ff,17.95471,violin_ordinary_cdm.json
violin_G#5_pp,violin,ordinary,G#5,pp,13.179229,violin_ordinary_cdm.json
violin_G#5_mf,violin,ordinary,G#5,mf,14.251474,violin_ordinary_cdm.json
violin_G#5_ff,violin,ordinary,G#5,ff,13.795649,violin_ordinary_cdm.json
violin_A5_pp,violin,ordinary,A5,pp,13.386584,violin_ordinary_cdm.json
violin_A5_mf,violin,ordinary,A5,mf,14.84153,violin_ordinary_cdm.json
violin_A5_ff,violin,ordinary,A5,ff,17.357882,violin_ordinary_cdm.json
violin_A#5_pp,violin,ordinary,A#5,pp,10.710713,violin_ordinary_cdm.json
violin_A#5_mf,violin,ordinary,A#5,mf,12.021352,violin_ordinary_cdm.json
violin_A#5_ff,violin,ordinary,A#5,ff,11.619004,violin_ordinary_cdm.json
violin_B5_pp,violin,ordinary,B5,pp,13.053029,violin_ordinary_cdm.json
violin_B5_mf,violin,ordinary,B5,mf,14.265343,violin_ordinary_cdm.json
violin_B5_ff,violin,ordinary,B5,ff,14.197524,violin_ordinary_cdm.json
violin_C6_pp,violin,ordinary,C6,pp,13.138963,violin_ordinary_cdm.json
violin_C6_mf,violin,ordinary,C6,mf,14.68363,violin_ordinary_cdm.json
violin_C6_ff,violin,ordinary,C6,ff,17.558458,violin_ordinary_cdm.json
violin_C#6_pp,violin,ordinary,C#6,pp,10.378064,violin_ordinary_cdm.json
violin_C#6_mf,violin,ordinary,C#6,mf,11.798903,violin_ordinary_cdm.json
violin_C#6_ff,violin,ordinary,C#6,ff,13.601809,violin_ordinary_cdm.json
violin_D6_pp,violin,ordinary,D6,pp,9.584466,violin_ordinary_cdm.json
violin_D6_mf,violin,ordinary,D6,mf,12.903616,violin_ordinary_cdm.json
violin_D6_ff,violin,ordinary,D6,ff,15.145209,violin_ordinary_cdm.json
violin_D#6_pp,violin,ordinary,D#6,pp,10.632592,violin_ordinary_cdm.json
violin_D#6_mf,violin,ordinary,D#6,mf,12.162554,violin_ordinary_cdm.json
violin_D#6_ff,violin,ordinary,D#6,ff,15.773834,violin_ordinary_cdm.json
violin_E6_pp,violin,ordinary,E6,pp,12.124289,violin_ordinary_cdm.json
violin_E6_mf,violin,ordinary,E6,mf,13.7056,violin_ordinary_cdm.json
violin_E6_ff,violin,ordinary,E6,ff,12.457872,violin_ordinary_cdm.json
violin_F6_pp,violin,ordinary,F6,pp,8.559391,violin_ordinary_cdm.json
violin_F6_mf,violin,ordinary,F6,mf,9.228193,violin_ordinary_cdm.json
violin_F6_ff,violin,ordinary,F6,ff,8.730382,violin_ordinary_cdm.json
violin_F#6_pp,violin,ordinary,F#6,pp,8.187718,violin_ordinary_cdm.json
violin_F#6_mf,violin,ordinary,F#6,mf,8.468389,violin_ordinary_cdm.json
violin_F#6_ff,violin,ordinary,F#6,ff,9.191835,violin_ordinary_cdm.json
violin_G6_pp,violin,ordinary,G6,pp,6.336218,violin_ordinary_cdm.json
violin_G6_mf,violin,ordinary,G6,mf,8.310972,violin_ordinary_cdm.json
violin_G6_ff,violin,ordinary,G6,ff,7.974047,violin_ordinary_cdm.json
violin_G#6_pp,violin,ordinary,G#6,pp,6.989477,violin_ordinary_cdm.json
violin_G#6_mf,violin,ordinary,G#6,mf,9.869439,violin_ordinary_cdm.json
violin_G#6_ff,violin,ordinary,G#6,ff,8.668368,violin_ordinary_cdm.json
violin_A6_pp,violin,ordinary,A6,pp,7.428443,violin_ordinary_cdm.json
violin_A6_mf,violin,ordinary,A6,mf,7.846089,violin_ordinary_cdm.json
violin_A6_ff,violin,ordinary,A6,ff,9.525356,violin_ordinary_cdm.json
violin_A#6_pp,violin,ordinary,A#6,pp,5.321608,violin_ordinary_cdm.json
violin_A#6_mf,violin,ordinary,A#6,mf,6.28718,violin_ordinary_cdm.json
violin_A#6_ff,violin,ordinary,A#6,ff,6.586375,violin_ordinary_cdm.json
violin_B6_pp,violin,ordinary,B6,pp,6.431797,violin_ordinary_cdm.json
violin_B6_mf,violin,ordinary,B6,mf,6.888149,violin_ordinary_cdm.json
violin_B6_ff,violin,ordinary,B6,ff,7.98655,violin_ordinary_cdm.json
violin_C7_pp,violin,ordinary,C7,pp,5.245629,violin_ordinary_cdm.json
violin_C7_mf,violin,ordinary,C7,mf,7.706866,violin_ordinary_cdm.json
violin_C7_ff,violin,ordinary,C7,ff,5.790592,violin_ordinary_cdm.json
violin_C#7_pp,violin,ordinary,C#7,pp,5.426751,violin_ordinary_cdm.json
violin_C#7_mf,violin,ordinary,C#7,mf,7.643142,violin_ordinary_cdm.json
violin_C#7_ff,violin,ordinary,C#7,ff,6.961116,violin_ordinary_cdm.json
violin_D7_pp,violin,ordinary,D7,pp,5.883139,violin_ordinary_cdm.json
violin_D7_mf,violin,ordinary,D7,mf,6.513301,violin_ordinary_cdm.json
violin_D7_ff,violin,ordinary,D7,ff,6.907783,violin_ordinary_cdm.json
violin_D#7_pp,violin,ordinary,D#7,pp,4.383445,violin_ordinary_cdm.json
violin_D#7_mf,violin,ordinary,D#7,mf,6.275297,violin_ordinary_cdm.json
violin_D#7_ff,violin,ordinary,D#7,ff,7.088029,violin_ordinary_cdm.json
violin_E7_pp,violin,ordinary,E7,pp,5.041328,violin_ordinary_cdm.json
violin_E7_mf,violin,ordinary,E7,mf,5.99111,violin_ordinary_cdm.json
violin_E7_ff,violin,ordinary,E7,ff,4.730762,violin_ordinary_cdm.json
violin_F7_pp,violin,ordinary,F7,pp,4.958746,violin_ordinary_cdm.json
violin_F7_mf,violin,ordinary,F7,mf,6.41294,violin_ordinary_cdm.json
violin_F7_ff,violin,ordinary,F7,ff,5.669511,violin_ordinary_cdm.json
violin_F#7_pp,violin,ordinary,F#7,pp,5.877028,violin_ordinary_cdm.json
violin_F#7_mf,violin,ordinary,F#7,mf,6.304183,violin_ordinary_cdm.json
violin_F#7_ff,violin,ordinary,F#7,ff,5.274257,violin_ordinary_cdm.json
violin_G7_pp,violin,ordinary,G7,pp,4.46921,violin_ordinary_cdm.json
violin_G7_mf,violin,ordinary,G7,mf,6.365012,violin_ordinary_cdm.json
violin_G7_ff,violin,ordinary,G7,ff,4.816325,violin_ordinary_cdm.json
